llm_model	model_name	provider	is_free	cost	numeric_cost	description
01-ai/yi-large	Yi Large	01.AI	N	$0.000003/1M	3e-06	01.AI: Yi Large ($0.000003/1M)
ai21/jamba-1.6-large	Jamba 1.6 Large	AI21	N	$0.000002/1M	2e-06	AI21: Jamba 1.6 Large ($0.000002/1M)
ai21/jamba-1.6-mini	Jamba Mini 1.6	AI21	N	$0.0000002/1M	2e-07	AI21: Jamba Mini 1.6 ($0.0000002/1M)
agentica-org/deepcoder-14b-preview	Deepcoder 14B Preview	Agentica	N	$0.000000015/1M	1.5e-08	Agentica: Deepcoder 14B Preview ($0.000000015/1M)
agentica-org/deepcoder-14b-preview:free	Deepcoder 14B Preview (free)	Agentica	Y	$0/1M	0.0	Agentica: Deepcoder 14B Preview (free) ($0/1M)
aion-labs/aion-1.0	Aion-1.0	AionLabs	N	$0.000004/1M	4e-06	AionLabs: Aion-1.0 ($0.000004/1M)
aion-labs/aion-1.0-mini	Aion-1.0-Mini	AionLabs	N	$0.0000007/1M	7e-07	AionLabs: Aion-1.0-Mini ($0.0000007/1M)
aion-labs/aion-rp-llama-3.1-8b	Aion-RP 1.0 (8B)	AionLabs	N	$0.0000002/1M	2e-07	AionLabs: Aion-RP 1.0 (8B) ($0.0000002/1M)
alfredpros/codellama-7b-instruct-solidity	CodeLLaMa 7B Instruct Solidity	AlfredPros	N	$0.0000008/1M	8e-07	AlfredPros: CodeLLaMa 7B Instruct Solidity ($0.0000008/1M)
amazon/nova-lite-v1	Nova Lite 1.0	Amazon	N	$0.00000006/1M	6e-08	Amazon: Nova Lite 1.0 ($0.00000006/1M)
amazon/nova-micro-v1	Nova Micro 1.0	Amazon	N	$0.000000035/1M	3.5e-08	Amazon: Nova Micro 1.0 ($0.000000035/1M)
amazon/nova-pro-v1	Nova Pro 1.0	Amazon	N	$0.0000008/1M	8e-07	Amazon: Nova Pro 1.0 ($0.0000008/1M)
anthropic/claude-3-haiku	Claude 3 Haiku	Anthropic	N	$0.00000025/1M	2.5e-07	Anthropic: Claude 3 Haiku ($0.00000025/1M)
anthropic/claude-3-haiku:beta	Claude 3 Haiku (self-moderated)	Anthropic	N	$0.00000025/1M	2.5e-07	Anthropic: Claude 3 Haiku (self-moderated) ($0.00000025/1M)
anthropic/claude-3-opus	Claude 3 Opus	Anthropic	N	$0.000015/1M	1.5e-05	Anthropic: Claude 3 Opus ($0.000015/1M)
anthropic/claude-3-opus:beta	Claude 3 Opus (self-moderated)	Anthropic	N	$0.000015/1M	1.5e-05	Anthropic: Claude 3 Opus (self-moderated) ($0.000015/1M)
anthropic/claude-3-sonnet	Claude 3 Sonnet	Anthropic	N	$0.000003/1M	3e-06	Anthropic: Claude 3 Sonnet ($0.000003/1M)
anthropic/claude-3.5-haiku-20241022:beta	Claude 3.5 Haiku (2024-10-22) (self-moderated) ‚ö°	Anthropic	N	$0.0000008/1M	8e-07	Anthropic: Claude 3.5 Haiku (2024-10-22) (self-moderated) ‚ö° ($0.0000008/1M)
anthropic/claude-3.5-haiku-20241022	Claude 3.5 Haiku (2024-10-22) ‚ö°	Anthropic	N	$0.0000008/1M	8e-07	Anthropic: Claude 3.5 Haiku (2024-10-22) ‚ö° ($0.0000008/1M)
anthropic/claude-3.5-haiku:beta	Claude 3.5 Haiku (self-moderated) ‚ö°	Anthropic	N	$0.0000008/1M	8e-07	Anthropic: Claude 3.5 Haiku (self-moderated) ‚ö° ($0.0000008/1M)
anthropic/claude-3.5-haiku	Claude 3.5 Haiku ‚ö°	Anthropic	N	$0.0000008/1M	8e-07	Anthropic: Claude 3.5 Haiku ‚ö° ($0.0000008/1M)
anthropic/claude-3.5-sonnet-20240620:beta	Claude 3.5 Sonnet (2024-06-20) (self-moderated) ‚ö°	Anthropic	N	$0.000003/1M	3e-06	Anthropic: Claude 3.5 Sonnet (2024-06-20) (self-moderated) ‚ö° ($0.000003/1M)
anthropic/claude-3.5-sonnet-20240620	Claude 3.5 Sonnet (2024-06-20) ‚ö°	Anthropic	N	$0.000003/1M	3e-06	Anthropic: Claude 3.5 Sonnet (2024-06-20) ‚ö° ($0.000003/1M)
anthropic/claude-3.5-sonnet:beta	Claude 3.5 Sonnet (self-moderated) ‚ö°	Anthropic	N	$0.000003/1M	3e-06	Anthropic: Claude 3.5 Sonnet (self-moderated) ‚ö° ($0.000003/1M)
anthropic/claude-3.5-sonnet	Claude 3.5 Sonnet ‚ö°	Anthropic	N	$0.000003/1M	3e-06	Anthropic: Claude 3.5 Sonnet ‚ö° ($0.000003/1M)
anthropic/claude-3.7-sonnet	Claude 3.7 Sonnet	Anthropic	N	$0.000003/1M	3e-06	Anthropic: Claude 3.7 Sonnet ($0.000003/1M)
anthropic/claude-3.7-sonnet:beta	Claude 3.7 Sonnet (self-moderated)	Anthropic	N	$0.000003/1M	3e-06	Anthropic: Claude 3.7 Sonnet (self-moderated) ($0.000003/1M)
anthropic/claude-3.7-sonnet:thinking	Claude 3.7 Sonnet (thinking)	Anthropic	N	$0.000003/1M	3e-06	Anthropic: Claude 3.7 Sonnet (thinking) ($0.000003/1M)
anthropic/claude-opus-4	Claude Opus 4	Anthropic	N	$0.000015/1M	1.5e-05	Anthropic: Claude Opus 4 ($0.000015/1M)
anthropic/claude-sonnet-4	Claude Sonnet 4	Anthropic	N	$0.000003/1M	3e-06	Anthropic: Claude Sonnet 4 ($0.000003/1M)
arcee-ai/coder-large	Coder Large	Arcee AI	N	$0.0000005/1M	5e-07	Arcee AI: Coder Large ($0.0000005/1M)
arcee-ai/maestro-reasoning	Maestro Reasoning	Arcee AI	N	$0.0000009/1M	9e-07	Arcee AI: Maestro Reasoning ($0.0000009/1M)
arcee-ai/spotlight	Spotlight	Arcee AI	N	$0.00000018/1M	1.8e-07	Arcee AI: Spotlight ($0.00000018/1M)
arcee-ai/virtuoso-large	Virtuoso Large	Arcee AI	N	$0.00000075/1M	7.5e-07	Arcee AI: Virtuoso Large ($0.00000075/1M)
arliai/qwq-32b-arliai-rpr-v1	QwQ 32B RpR v1	ArliAI	N	$0.000000015/1M	1.5e-08	ArliAI: QwQ 32B RpR v1 ($0.000000015/1M)
arliai/qwq-32b-arliai-rpr-v1:free	QwQ 32B RpR v1 (free)	ArliAI	Y	$0/1M	0.0	ArliAI: QwQ 32B RpR v1 (free) ($0/1M)
openrouter/auto	Router	Auto	N	$-1/1M	0	Auto Router ($-1/1M)
baidu/ernie-4.5-300b-a47b	ERNIE 4.5 300B A47B	Baidu	N	$0.00000028/1M	2.8e-07	Baidu: ERNIE 4.5 300B A47B  ($0.00000028/1M)
bytedance/ui-tars-1.5-7b	UI-TARS 7B	Bytedance	N	$0.0000001/1M	1e-07	Bytedance: UI-TARS 7B  ($0.0000001/1M)
cohere/command	Command	Cohere	N	$0.000001/1M	1e-06	Cohere: Command ($0.000001/1M)
cohere/command-a	Command A	Cohere	N	$0.000002/1M	2e-06	Cohere: Command A ($0.000002/1M)
cohere/command-r	Command R	Cohere	N	$0.0000005/1M	5e-07	Cohere: Command R ($0.0000005/1M)
cohere/command-r-03-2024	Command R (03-2024)	Cohere	N	$0.0000005/1M	5e-07	Cohere: Command R (03-2024) ($0.0000005/1M)
cohere/command-r-08-2024	Command R (08-2024)	Cohere	N	$0.00000015/1M	1.5e-07	Cohere: Command R (08-2024) ($0.00000015/1M)
cohere/command-r-plus	Command R+	Cohere	N	$0.000003/1M	3e-06	Cohere: Command R+ ($0.000003/1M)
cohere/command-r-plus-04-2024	Command R+ (04-2024)	Cohere	N	$0.000003/1M	3e-06	Cohere: Command R+ (04-2024) ($0.000003/1M)
cohere/command-r-plus-08-2024	Command R+ (08-2024)	Cohere	N	$0.0000025/1M	2.5e-06	Cohere: Command R+ (08-2024) ($0.0000025/1M)
cohere/command-r7b-12-2024	Command R7B (12-2024)	Cohere	N	$0.0000000375/1M	3.75e-08	Cohere: Command R7B (12-2024) ($0.0000000375/1M)
deepseek/deepseek-prover-v2	DeepSeek Prover V2	DeepSeek	N	$0.0000005/1M	5e-07	DeepSeek: DeepSeek Prover V2 ($0.0000005/1M)
deepseek/deepseek-chat	DeepSeek V3	DeepSeek	N	$0.000000272/1M	2.72e-07	DeepSeek: DeepSeek V3 ($0.000000272/1M)
deepseek/deepseek-chat-v3-0324	DeepSeek V3 0324	DeepSeek	N	$0.00000025/1M	2.5e-07	DeepSeek: DeepSeek V3 0324 ($0.00000025/1M)
deepseek/deepseek-chat-v3-0324:free	DeepSeek V3 0324 (free)	DeepSeek	Y	$0/1M	0.0	DeepSeek: DeepSeek V3 0324 (free) ($0/1M)
deepseek/deepseek-v3-base	DeepSeek V3 Base	DeepSeek	N	$0.000000302/1M	3.02e-07	DeepSeek: DeepSeek V3 Base ($0.000000302/1M)
deepseek/deepseek-r1-0528-qwen3-8b:free	Deepseek R1 0528 Qwen3 8B (free) üß†	DeepSeek	Y	$0/1M	0.0	DeepSeek: Deepseek R1 0528 Qwen3 8B (free) üß† ($0/1M)
deepseek/deepseek-r1-0528-qwen3-8b	Deepseek R1 0528 Qwen3 8B üß†	DeepSeek	N	$0.00000001/1M	1e-08	DeepSeek: Deepseek R1 0528 Qwen3 8B üß† ($0.00000001/1M)
deepseek/deepseek-r1:free	R1 (free) üß†	DeepSeek	Y	$0/1M	0.0	DeepSeek: R1 (free) üß† ($0/1M)
deepseek/deepseek-r1-0528:free	R1 0528 (free) üß†	DeepSeek	Y	$0/1M	0.0	DeepSeek: R1 0528 (free) üß† ($0/1M)
deepseek/deepseek-r1-0528	R1 0528 üß†	DeepSeek	N	$0.000000272/1M	2.72e-07	DeepSeek: R1 0528 üß† ($0.000000272/1M)
deepseek/deepseek-r1-distill-llama-70b:free	R1 Distill Llama 70B (free) üß†	DeepSeek	Y	$0/1M	0.0	DeepSeek: R1 Distill Llama 70B (free) üß† ($0/1M)
deepseek/deepseek-r1-distill-llama-70b	R1 Distill Llama 70B üß†	DeepSeek	N	$0.00000005/1M	5e-08	DeepSeek: R1 Distill Llama 70B üß† ($0.00000005/1M)
deepseek/deepseek-r1-distill-llama-8b	R1 Distill Llama 8B üß†	DeepSeek	N	$0.00000004/1M	4e-08	DeepSeek: R1 Distill Llama 8B üß† ($0.00000004/1M)
deepseek/deepseek-r1-distill-qwen-1.5b	R1 Distill Qwen 1.5B üß†	DeepSeek	N	$0.00000018/1M	1.8e-07	DeepSeek: R1 Distill Qwen 1.5B üß† ($0.00000018/1M)
deepseek/deepseek-r1-distill-qwen-14b:free	R1 Distill Qwen 14B (free) üß†	DeepSeek	Y	$0/1M	0.0	DeepSeek: R1 Distill Qwen 14B (free) üß† ($0/1M)
deepseek/deepseek-r1-distill-qwen-14b	R1 Distill Qwen 14B üß†	DeepSeek	N	$0.00000015/1M	1.5e-07	DeepSeek: R1 Distill Qwen 14B üß† ($0.00000015/1M)
deepseek/deepseek-r1-distill-qwen-32b	R1 Distill Qwen 32B üß†	DeepSeek	N	$0.000000075/1M	7.5e-08	DeepSeek: R1 Distill Qwen 32B üß† ($0.000000075/1M)
deepseek/deepseek-r1-distill-qwen-7b	R1 Distill Qwen 7B üß†	DeepSeek	N	$0.0000001/1M	1e-07	DeepSeek: R1 Distill Qwen 7B üß† ($0.0000001/1M)
deepseek/deepseek-r1	R1 üß†	DeepSeek	N	$0.0000004/1M	4e-07	DeepSeek: R1 üß† ($0.0000004/1M)
cognitivecomputations/dolphin-mixtral-8x22b	2.9.2 Mixtral 8x22B üê¨	Dolphin	N	$0.0000009/1M	9e-07	Dolphin 2.9.2 Mixtral 8x22B üê¨ ($0.0000009/1M)
cognitivecomputations/dolphin3.0-mistral-24b:free	Mistral 24B (free)	Dolphin3.0	Y	$0/1M	0.0	Dolphin3.0 Mistral 24B (free) ($0/1M)
cognitivecomputations/dolphin3.0-r1-mistral-24b:free	R1 Mistral 24B (free) üß†	Dolphin3.0	Y	$0/1M	0.0	Dolphin3.0 R1 Mistral 24B (free) üß† ($0/1M)
cognitivecomputations/dolphin3.0-r1-mistral-24b	R1 Mistral 24B üß†	Dolphin3.0	N	$0.000000013/1M	1.3e-08	Dolphin3.0 R1 Mistral 24B üß† ($0.000000013/1M)
eva-unit-01/eva-qwen-2.5-72b	Qwen2.5 72B	EVA	N	$0.000004/1M	4e-06	EVA Qwen2.5 72B ($0.000004/1M)
eleutherai/llemma_7b	Llemma 7b	EleutherAI	N	$0.0000008/1M	8e-07	EleutherAI: Llemma 7b ($0.0000008/1M)
sao10k/fimbulvetr-11b-v2	11B v2 üß†	Fimbulvetr	N	$0.0000008/1M	8e-07	Fimbulvetr 11B v2 üß† ($0.0000008/1M)
alpindale/goliath-120b	120B	Goliath	N	$0.000009/1M	9e-06	Goliath 120B ($0.000009/1M)
google/gemini-flash-1.5	Gemini 1.5 Flash	Google	N	$0.000000075/1M	7.5e-08	Google: Gemini 1.5 Flash  ($0.000000075/1M)
google/gemini-flash-1.5-8b	Gemini 1.5 Flash 8B	Google	N	$0.0000000375/1M	3.75e-08	Google: Gemini 1.5 Flash 8B ($0.0000000375/1M)
google/gemini-pro-1.5	Gemini 1.5 Pro	Google	N	$0.00000125/1M	1.25e-06	Google: Gemini 1.5 Pro ($0.00000125/1M)
google/gemini-2.0-flash-001	Gemini 2.0 Flash	Google	N	$0.0000001/1M	1e-07	Google: Gemini 2.0 Flash ($0.0000001/1M)
google/gemini-2.0-flash-exp:free	Gemini 2.0 Flash Experimental (free)	Google	Y	$0/1M	0.0	Google: Gemini 2.0 Flash Experimental (free) ($0/1M)
google/gemini-2.0-flash-lite-001	Gemini 2.0 Flash Lite	Google	N	$0.000000075/1M	7.5e-08	Google: Gemini 2.0 Flash Lite ($0.000000075/1M)
google/gemini-2.5-flash	Gemini 2.5 Flash	Google	N	$0.0000003/1M	3e-07	Google: Gemini 2.5 Flash ($0.0000003/1M)
google/gemini-2.5-flash-lite	Gemini 2.5 Flash Lite	Google	N	$0.0000001/1M	1e-07	Google: Gemini 2.5 Flash Lite ($0.0000001/1M)
google/gemini-2.5-flash-lite-preview-06-17	Gemini 2.5 Flash Lite Preview 06-17	Google	N	$0.0000001/1M	1e-07	Google: Gemini 2.5 Flash Lite Preview 06-17 ($0.0000001/1M)
google/gemini-2.5-pro	Gemini 2.5 Pro	Google	N	$0.00000125/1M	1.25e-06	Google: Gemini 2.5 Pro ($0.00000125/1M)
google/gemini-2.5-pro-exp-03-25	Gemini 2.5 Pro Experimental	Google	N	$0/1M	0.0	Google: Gemini 2.5 Pro Experimental ($0/1M)
google/gemini-2.5-pro-preview-05-06	Gemini 2.5 Pro Preview 05-06	Google	N	$0.00000125/1M	1.25e-06	Google: Gemini 2.5 Pro Preview 05-06 ($0.00000125/1M)
google/gemini-2.5-pro-preview	Gemini 2.5 Pro Preview 06-05	Google	N	$0.00000125/1M	1.25e-06	Google: Gemini 2.5 Pro Preview 06-05 ($0.00000125/1M)
google/gemma-2-27b-it	Gemma 2 27B	Google	N	$0.00000065/1M	6.5e-07	Google: Gemma 2 27B ($0.00000065/1M)
google/gemma-2-9b-it	Gemma 2 9B	Google	N	$0.000000004/1M	4e-09	Google: Gemma 2 9B ($0.000000004/1M)
google/gemma-2-9b-it:free	Gemma 2 9B (free)	Google	Y	$0/1M	0.0	Google: Gemma 2 9B (free) ($0/1M)
google/gemma-3-12b-it	Gemma 3 12B	Google	N	$0.00000003/1M	3e-08	Google: Gemma 3 12B ($0.00000003/1M)
google/gemma-3-12b-it:free	Gemma 3 12B (free)	Google	Y	$0/1M	0.0	Google: Gemma 3 12B (free) ($0/1M)
google/gemma-3-27b-it	Gemma 3 27B	Google	N	$0.00000009/1M	9e-08	Google: Gemma 3 27B ($0.00000009/1M)
google/gemma-3-27b-it:free	Gemma 3 27B (free)	Google	Y	$0/1M	0.0	Google: Gemma 3 27B (free) ($0/1M)
google/gemma-3-4b-it	Gemma 3 4B	Google	N	$0.00000002/1M	2e-08	Google: Gemma 3 4B ($0.00000002/1M)
google/gemma-3-4b-it:free	Gemma 3 4B (free)	Google	Y	$0/1M	0.0	Google: Gemma 3 4B (free) ($0/1M)
google/gemma-3n-e2b-it:free	Gemma 3n 2B (free)	Google	Y	$0/1M	0.0	Google: Gemma 3n 2B (free) ($0/1M)
google/gemma-3n-e4b-it	Gemma 3n 4B	Google	N	$0.00000002/1M	2e-08	Google: Gemma 3n 4B ($0.00000002/1M)
google/gemma-3n-e4b-it:free	Gemma 3n 4B (free)	Google	Y	$0/1M	0.0	Google: Gemma 3n 4B (free) ($0/1M)
inception/mercury	Mercury	Inception	N	$0.00000025/1M	2.5e-07	Inception: Mercury ($0.00000025/1M)
inception/mercury-coder	Mercury Coder	Inception	N	$0.00000025/1M	2.5e-07	Inception: Mercury Coder ($0.00000025/1M)
infermatic/mn-inferor-12b	Mistral Nemo Inferor 12B	Infermatic	N	$0.0000008/1M	8e-07	Infermatic: Mistral Nemo Inferor 12B ($0.0000008/1M)
inflection/inflection-3-pi	Inflection 3 Pi	Inflection	N	$0.0000025/1M	2.5e-06	Inflection: Inflection 3 Pi ($0.0000025/1M)
inflection/inflection-3-productivity	Inflection 3 Productivity	Inflection	N	$0.0000025/1M	2.5e-06	Inflection: Inflection 3 Productivity ($0.0000025/1M)
moonshotai/kimi-dev-72b:free	Dev 72b (free)	Kimi	Y	$0/1M	0.0	Kimi Dev 72b (free) ($0/1M)
liquid/lfm-3b	LFM 3B	Liquid	N	$0.00000002/1M	2e-08	Liquid: LFM 3B ($0.00000002/1M)
liquid/lfm-40b	LFM 40B MoE	Liquid	N	$0.00000015/1M	1.5e-07	Liquid: LFM 40B MoE ($0.00000015/1M)
liquid/lfm-7b	LFM 7B	Liquid	N	$0.00000001/1M	1e-08	Liquid: LFM 7B ($0.00000001/1M)
meta-llama/llama-guard-3-8b	Guard 3 8B	Llama	N	$0.00000002/1M	2e-08	Llama Guard 3 8B ($0.00000002/1M)
anthracite-org/magnum-v2-72b	v2 72B	Magnum	N	$0.000003/1M	3e-06	Magnum v2 72B ($0.000003/1M)
anthracite-org/magnum-v4-72b	v4 72B	Magnum	N	$0.0000025/1M	2.5e-06	Magnum v4 72B ($0.0000025/1M)
mancer/weaver	Weaver (alpha)	Mancer	N	$0.0000015/1M	1.5e-06	Mancer: Weaver (alpha) ($0.0000015/1M)
meta-llama/llama-3-70b-instruct	Llama 3 70B Instruct	Meta	N	$0.0000003/1M	3e-07	Meta: Llama 3 70B Instruct ($0.0000003/1M)
meta-llama/llama-3-8b-instruct	Llama 3 8B Instruct	Meta	N	$0.00000003/1M	3e-08	Meta: Llama 3 8B Instruct ($0.00000003/1M)
meta-llama/llama-3.1-405b	Llama 3.1 405B (base)	Meta	N	$0.000002/1M	2e-06	Meta: Llama 3.1 405B (base) ($0.000002/1M)
meta-llama/llama-3.1-405b-instruct	Llama 3.1 405B Instruct	Meta	N	$0.0000008/1M	8e-07	Meta: Llama 3.1 405B Instruct ($0.0000008/1M)
meta-llama/llama-3.1-405b-instruct:free	Llama 3.1 405B Instruct (free)	Meta	Y	$0/1M	0.0	Meta: Llama 3.1 405B Instruct (free) ($0/1M)
meta-llama/llama-3.1-70b-instruct	Llama 3.1 70B Instruct ‚ö°	Meta	N	$0.0000001/1M	1e-07	Meta: Llama 3.1 70B Instruct ‚ö° ($0.0000001/1M)
meta-llama/llama-3.1-8b-instruct	Llama 3.1 8B Instruct	Meta	N	$0.000000015/1M	1.5e-08	Meta: Llama 3.1 8B Instruct ($0.000000015/1M)
meta-llama/llama-3.2-11b-vision-instruct	Llama 3.2 11B Vision Instruct	Meta	N	$0.000000049/1M	4.9e-08	Meta: Llama 3.2 11B Vision Instruct ($0.000000049/1M)
meta-llama/llama-3.2-11b-vision-instruct:free	Llama 3.2 11B Vision Instruct (free)	Meta	Y	$0/1M	0.0	Meta: Llama 3.2 11B Vision Instruct (free) ($0/1M)
meta-llama/llama-3.2-1b-instruct	Llama 3.2 1B Instruct	Meta	N	$0.000000005/1M	5e-09	Meta: Llama 3.2 1B Instruct ($0.000000005/1M)
meta-llama/llama-3.2-3b-instruct	Llama 3.2 3B Instruct	Meta	N	$0.000000003/1M	3e-09	Meta: Llama 3.2 3B Instruct ($0.000000003/1M)
meta-llama/llama-3.2-3b-instruct:free	Llama 3.2 3B Instruct (free)	Meta	Y	$0/1M	0.0	Meta: Llama 3.2 3B Instruct (free) ($0/1M)
meta-llama/llama-3.2-90b-vision-instruct	Llama 3.2 90B Vision Instruct	Meta	N	$0.0000012/1M	1.2e-06	Meta: Llama 3.2 90B Vision Instruct ($0.0000012/1M)
meta-llama/llama-3.3-70b-instruct	Llama 3.3 70B Instruct	Meta	N	$0.000000038/1M	3.8e-08	Meta: Llama 3.3 70B Instruct ($0.000000038/1M)
meta-llama/llama-3.3-70b-instruct:free	Llama 3.3 70B Instruct (free)	Meta	Y	$0/1M	0.0	Meta: Llama 3.3 70B Instruct (free) ($0/1M)
meta-llama/llama-4-maverick	Llama 4 Maverick	Meta	N	$0.00000015/1M	1.5e-07	Meta: Llama 4 Maverick ($0.00000015/1M)
meta-llama/llama-4-scout	Llama 4 Scout	Meta	N	$0.00000008/1M	8e-08	Meta: Llama 4 Scout ($0.00000008/1M)
meta-llama/llama-guard-4-12b	Llama Guard 4 12B	Meta	N	$0.00000005/1M	5e-08	Meta: Llama Guard 4 12B ($0.00000005/1M)
meta-llama/llama-guard-2-8b	LlamaGuard 2 8B	Meta	N	$0.0000002/1M	2e-07	Meta: LlamaGuard 2 8B ($0.0000002/1M)
microsoft/mai-ds-r1:free	MAI DS R1 (free) üß†	Microsoft	Y	$0/1M	0.0	Microsoft: MAI DS R1 (free) üß† ($0/1M)
microsoft/mai-ds-r1	MAI DS R1 üß†	Microsoft	N	$0.000000302/1M	3.02e-07	Microsoft: MAI DS R1 üß† ($0.000000302/1M)
microsoft/phi-4	Phi 4	Microsoft	N	$0.00000006/1M	6e-08	Microsoft: Phi 4 ($0.00000006/1M)
microsoft/phi-4-multimodal-instruct	Phi 4 Multimodal Instruct	Microsoft	N	$0.00000005/1M	5e-08	Microsoft: Phi 4 Multimodal Instruct ($0.00000005/1M)
microsoft/phi-4-reasoning-plus	Phi 4 Reasoning Plus	Microsoft	N	$0.00000007/1M	7e-08	Microsoft: Phi 4 Reasoning Plus ($0.00000007/1M)
microsoft/phi-3-medium-128k-instruct	Phi-3 Medium 128K Instruct	Microsoft	N	$0.000001/1M	1e-06	Microsoft: Phi-3 Medium 128K Instruct ($0.000001/1M)
microsoft/phi-3-mini-128k-instruct	Phi-3 Mini 128K Instruct	Microsoft	N	$0.0000001/1M	1e-07	Microsoft: Phi-3 Mini 128K Instruct ($0.0000001/1M)
microsoft/phi-3.5-mini-128k-instruct	Phi-3.5 Mini 128K Instruct	Microsoft	N	$0.0000001/1M	1e-07	Microsoft: Phi-3.5 Mini 128K Instruct ($0.0000001/1M)
sophosympatheia/midnight-rose-70b	Rose 70B	Midnight	N	$0.0000008/1M	8e-07	Midnight Rose 70B ($0.0000008/1M)
minimax/minimax-m1	MiniMax M1	MiniMax	N	$0.0000003/1M	3e-07	MiniMax: MiniMax M1 ($0.0000003/1M)
minimax/minimax-01	MiniMax-01	MiniMax	N	$0.0000002/1M	2e-07	MiniMax: MiniMax-01 ($0.0000002/1M)
mistralai/mistral-large	Large	Mistral	N	$0.000002/1M	2e-06	Mistral Large ($0.000002/1M)
mistralai/mistral-large-2407	Large 2407	Mistral	N	$0.000002/1M	2e-06	Mistral Large 2407 ($0.000002/1M)
mistralai/mistral-large-2411	Large 2411	Mistral	N	$0.000002/1M	2e-06	Mistral Large 2411 ($0.000002/1M)
nothingiisreal/mn-celeste-12b	Nemo 12B Celeste	Mistral	N	$0.0000008/1M	8e-07	Mistral Nemo 12B Celeste ($0.0000008/1M)
mistralai/mistral-small	Small	Mistral	N	$0.0000002/1M	2e-07	Mistral Small ($0.0000002/1M)
mistralai/mistral-tiny	Tiny	Mistral	N	$0.00000025/1M	2.5e-07	Mistral Tiny ($0.00000025/1M)
mistralai/codestral-2501	Codestral 2501	Mistral	N	$0.0000003/1M	3e-07	Mistral: Codestral 2501 ($0.0000003/1M)
mistralai/devstral-medium	Devstral Medium	Mistral	N	$0.0000004/1M	4e-07	Mistral: Devstral Medium ($0.0000004/1M)
mistralai/devstral-small	Devstral Small 1.1	Mistral	N	$0.00000007/1M	7e-08	Mistral: Devstral Small 1.1 ($0.00000007/1M)
mistralai/devstral-small-2505	Devstral Small 2505	Mistral	N	$0.00000003/1M	3e-08	Mistral: Devstral Small 2505 ($0.00000003/1M)
mistralai/devstral-small-2505:free	Devstral Small 2505 (free)	Mistral	Y	$0/1M	0.0	Mistral: Devstral Small 2505 (free) ($0/1M)
mistralai/magistral-medium-2506	Magistral Medium 2506	Mistral	N	$0.000002/1M	2e-06	Mistral: Magistral Medium 2506 ($0.000002/1M)
mistralai/magistral-medium-2506:thinking	Magistral Medium 2506 (thinking)	Mistral	N	$0.000002/1M	2e-06	Mistral: Magistral Medium 2506 (thinking) ($0.000002/1M)
mistralai/magistral-small-2506	Magistral Small 2506	Mistral	N	$0.0000005/1M	5e-07	Mistral: Magistral Small 2506 ($0.0000005/1M)
mistralai/ministral-3b	Ministral 3B	Mistral	N	$0.00000004/1M	4e-08	Mistral: Ministral 3B ($0.00000004/1M)
mistralai/ministral-8b	Ministral 8B	Mistral	N	$0.0000001/1M	1e-07	Mistral: Ministral 8B ($0.0000001/1M)
mistralai/mistral-7b-instruct	Mistral 7B Instruct	Mistral	N	$0.000000028/1M	2.8e-08	Mistral: Mistral 7B Instruct ($0.000000028/1M)
mistralai/mistral-7b-instruct:free	Mistral 7B Instruct (free)	Mistral	Y	$0/1M	0.0	Mistral: Mistral 7B Instruct (free) ($0/1M)
mistralai/mistral-7b-instruct-v0.1	Mistral 7B Instruct v0.1	Mistral	N	$0.00000011/1M	1.1e-07	Mistral: Mistral 7B Instruct v0.1 ($0.00000011/1M)
mistralai/mistral-7b-instruct-v0.2	Mistral 7B Instruct v0.2	Mistral	N	$0.0000002/1M	2e-07	Mistral: Mistral 7B Instruct v0.2 ($0.0000002/1M)
mistralai/mistral-7b-instruct-v0.3	Mistral 7B Instruct v0.3	Mistral	N	$0.000000028/1M	2.8e-08	Mistral: Mistral 7B Instruct v0.3 ($0.000000028/1M)
mistralai/mistral-medium-3	Mistral Medium 3	Mistral	N	$0.0000004/1M	4e-07	Mistral: Mistral Medium 3 ($0.0000004/1M)
mistralai/mistral-nemo	Mistral Nemo	Mistral	N	$0.0000000075/1M	7.5e-09	Mistral: Mistral Nemo ($0.0000000075/1M)
mistralai/mistral-nemo:free	Mistral Nemo (free)	Mistral	Y	$0/1M	0.0	Mistral: Mistral Nemo (free) ($0/1M)
mistralai/mistral-small-24b-instruct-2501	Mistral Small 3	Mistral	N	$0.00000003/1M	3e-08	Mistral: Mistral Small 3 ($0.00000003/1M)
mistralai/mistral-small-24b-instruct-2501:free	Mistral Small 3 (free)	Mistral	Y	$0/1M	0.0	Mistral: Mistral Small 3 (free) ($0/1M)
mistralai/mistral-small-3.1-24b-instruct	Mistral Small 3.1 24B	Mistral	N	$0.000000027/1M	2.7e-08	Mistral: Mistral Small 3.1 24B ($0.000000027/1M)
mistralai/mistral-small-3.1-24b-instruct:free	Mistral Small 3.1 24B (free)	Mistral	Y	$0/1M	0.0	Mistral: Mistral Small 3.1 24B (free) ($0/1M)
mistralai/mistral-small-3.2-24b-instruct	Mistral Small 3.2 24B	Mistral	N	$0.00000005/1M	5e-08	Mistral: Mistral Small 3.2 24B ($0.00000005/1M)
mistralai/mistral-small-3.2-24b-instruct:free	Mistral Small 3.2 24B (free)	Mistral	Y	$0/1M	0.0	Mistral: Mistral Small 3.2 24B (free) ($0/1M)
mistralai/mixtral-8x22b-instruct	Mixtral 8x22B Instruct	Mistral	N	$0.0000009/1M	9e-07	Mistral: Mixtral 8x22B Instruct ($0.0000009/1M)
mistralai/mixtral-8x7b-instruct	Mixtral 8x7B Instruct	Mistral	N	$0.00000008/1M	8e-08	Mistral: Mixtral 8x7B Instruct ($0.00000008/1M)
mistralai/pixtral-12b	Pixtral 12B	Mistral	N	$0.0000001/1M	1e-07	Mistral: Pixtral 12B ($0.0000001/1M)
mistralai/pixtral-large-2411	Pixtral Large 2411	Mistral	N	$0.000002/1M	2e-06	Mistral: Pixtral Large 2411 ($0.000002/1M)
mistralai/mistral-saba	Saba	Mistral	N	$0.0000002/1M	2e-07	Mistral: Saba ($0.0000002/1M)
moonshotai/kimi-vl-a3b-thinking	Kimi VL A3B Thinking	Moonshot AI	N	$0.000000038/1M	3.8e-08	Moonshot AI: Kimi VL A3B Thinking ($0.000000038/1M)
moonshotai/kimi-vl-a3b-thinking:free	Kimi VL A3B Thinking (free)	Moonshot AI	Y	$0/1M	0.0	Moonshot AI: Kimi VL A3B Thinking (free) ($0/1M)
moonshotai/kimi-k2	Kimi K2	MoonshotAI	N	$0.00000014/1M	1.4e-07	MoonshotAI: Kimi K2 ($0.00000014/1M)
moonshotai/kimi-k2:free	Kimi K2 (free)	MoonshotAI	Y	$0/1M	0.0	MoonshotAI: Kimi K2 (free) ($0/1M)
morph/morph-v2	Fast Apply	Morph	N	$0.0000012/1M	1.2e-06	Morph: Fast Apply ($0.0000012/1M)
morph/morph-v3-fast	Morph V3 Fast	Morph	N	$0.0000012/1M	1.2e-06	Morph: Morph V3 Fast ($0.0000012/1M)
morph/morph-v3-large	Morph V3 Large	Morph	N	$0.0000012/1M	1.2e-06	Morph: Morph V3 Large ($0.0000012/1M)
gryphe/mythomax-l2-13b	13B	MythoMax	N	$0.00000006/1M	6e-08	MythoMax 13B ($0.00000006/1M)
nvidia/llama-3.1-nemotron-70b-instruct	Llama 3.1 Nemotron 70B Instruct	NVIDIA	N	$0.00000012/1M	1.2e-07	NVIDIA: Llama 3.1 Nemotron 70B Instruct ($0.00000012/1M)
nvidia/llama-3.1-nemotron-ultra-253b-v1	Llama 3.1 Nemotron Ultra 253B v1	NVIDIA	N	$0.0000006/1M	6e-07	NVIDIA: Llama 3.1 Nemotron Ultra 253B v1 ($0.0000006/1M)
nvidia/llama-3.1-nemotron-ultra-253b-v1:free	Llama 3.1 Nemotron Ultra 253B v1 (free)	NVIDIA	Y	$0/1M	0.0	NVIDIA: Llama 3.1 Nemotron Ultra 253B v1 (free) ($0/1M)
nvidia/llama-3.3-nemotron-super-49b-v1	Llama 3.3 Nemotron Super 49B v1	NVIDIA	N	$0.00000013/1M	1.3e-07	NVIDIA: Llama 3.3 Nemotron Super 49B v1 ($0.00000013/1M)
neversleep/llama-3-lumimaid-70b	Llama 3 Lumimaid 70B	NeverSleep	N	$0.000004/1M	4e-06	NeverSleep: Llama 3 Lumimaid 70B ($0.000004/1M)
neversleep/llama-3.1-lumimaid-8b	Lumimaid v0.2 8B	NeverSleep	N	$0.00000018/1M	1.8e-07	NeverSleep: Lumimaid v0.2 8B ($0.00000018/1M)
neversleep/noromaid-20b	20B	Noromaid	N	$0.00000125/1M	1.25e-06	Noromaid 20B ($0.00000125/1M)
nousresearch/deephermes-3-llama-3-8b-preview:free	DeepHermes 3 Llama 3 8B Preview (free)	Nous	Y	$0/1M	0.0	Nous: DeepHermes 3 Llama 3 8B Preview (free) ($0/1M)
nousresearch/deephermes-3-mistral-24b-preview	DeepHermes 3 Mistral 24B Preview	Nous	N	$0.000000141/1M	1.41e-07	Nous: DeepHermes 3 Mistral 24B Preview ($0.000000141/1M)
nousresearch/nous-hermes-2-mixtral-8x7b-dpo	Hermes 2 Mixtral 8x7B DPO	Nous	N	$0.0000006/1M	6e-07	Nous: Hermes 2 Mixtral 8x7B DPO ($0.0000006/1M)
nousresearch/hermes-3-llama-3.1-405b	Hermes 3 405B Instruct	Nous	N	$0.0000007/1M	7e-07	Nous: Hermes 3 405B Instruct ($0.0000007/1M)
nousresearch/hermes-3-llama-3.1-70b	Hermes 3 70B Instruct ‚ö°	Nous	N	$0.0000001/1M	1e-07	Nous: Hermes 3 70B Instruct ‚ö° ($0.0000001/1M)
nousresearch/hermes-2-pro-llama-3-8b	Hermes 2 Pro - Llama-3 8B	NousResearch	N	$0.000000025/1M	2.5e-08	NousResearch: Hermes 2 Pro - Llama-3 8B ($0.000000025/1M)
openai/chatgpt-4o-latest	ChatGPT-4o ‚ö°	OpenAI	N	$0.000005/1M	5e-06	OpenAI: ChatGPT-4o ‚ö° ($0.000005/1M)
openai/codex-mini	Codex Mini	OpenAI	N	$0.0000015/1M	1.5e-06	OpenAI: Codex Mini ($0.0000015/1M)
openai/gpt-3.5-turbo	GPT-3.5 Turbo	OpenAI	N	$0.0000005/1M	5e-07	OpenAI: GPT-3.5 Turbo ($0.0000005/1M)
openai/gpt-3.5-turbo-0613	GPT-3.5 Turbo (older v0613)	OpenAI	N	$0.000001/1M	1e-06	OpenAI: GPT-3.5 Turbo (older v0613) ($0.000001/1M)
openai/gpt-3.5-turbo-16k	GPT-3.5 Turbo 16k	OpenAI	N	$0.000003/1M	3e-06	OpenAI: GPT-3.5 Turbo 16k ($0.000003/1M)
openai/gpt-3.5-turbo-instruct	GPT-3.5 Turbo Instruct	OpenAI	N	$0.0000015/1M	1.5e-06	OpenAI: GPT-3.5 Turbo Instruct ($0.0000015/1M)
openai/gpt-4-0314	GPT-4 (older v0314) ‚ö°	OpenAI	N	$0.00003/1M	3e-05	OpenAI: GPT-4 (older v0314) ‚ö° ($0.00003/1M)
openai/gpt-4-1106-preview	GPT-4 Turbo (older v1106) ‚ö°	OpenAI	N	$0.00001/1M	1e-05	OpenAI: GPT-4 Turbo (older v1106) ‚ö° ($0.00001/1M)
openai/gpt-4-turbo-preview	GPT-4 Turbo Preview ‚ö°	OpenAI	N	$0.00001/1M	1e-05	OpenAI: GPT-4 Turbo Preview ‚ö° ($0.00001/1M)
openai/gpt-4-turbo	GPT-4 Turbo ‚ö°	OpenAI	N	$0.00001/1M	1e-05	OpenAI: GPT-4 Turbo ‚ö° ($0.00001/1M)
openai/gpt-4	GPT-4 ‚ö°	OpenAI	N	$0.00003/1M	3e-05	OpenAI: GPT-4 ‚ö° ($0.00003/1M)
openai/gpt-4.1-mini	GPT-4.1 Mini ‚ö°	OpenAI	N	$0.0000004/1M	4e-07	OpenAI: GPT-4.1 Mini ‚ö° ($0.0000004/1M)
openai/gpt-4.1-nano	GPT-4.1 Nano ‚ö°	OpenAI	N	$0.0000001/1M	1e-07	OpenAI: GPT-4.1 Nano ‚ö° ($0.0000001/1M)
openai/gpt-4.1	GPT-4.1 ‚ö°	OpenAI	N	$0.000002/1M	2e-06	OpenAI: GPT-4.1 ‚ö° ($0.000002/1M)
openai/gpt-4o-2024-05-13	GPT-4o (2024-05-13) ‚ö°	OpenAI	N	$0.000005/1M	5e-06	OpenAI: GPT-4o (2024-05-13) ‚ö° ($0.000005/1M)
openai/gpt-4o-2024-08-06	GPT-4o (2024-08-06) ‚ö°	OpenAI	N	$0.0000025/1M	2.5e-06	OpenAI: GPT-4o (2024-08-06) ‚ö° ($0.0000025/1M)
openai/gpt-4o-2024-11-20	GPT-4o (2024-11-20) ‚ö°	OpenAI	N	$0.0000025/1M	2.5e-06	OpenAI: GPT-4o (2024-11-20) ‚ö° ($0.0000025/1M)
openai/gpt-4o:extended	GPT-4o (extended) ‚ö°	OpenAI	N	$0.000006/1M	6e-06	OpenAI: GPT-4o (extended) ‚ö° ($0.000006/1M)
openai/gpt-4o-search-preview	GPT-4o Search Preview ‚ö°	OpenAI	N	$0.0000025/1M	2.5e-06	OpenAI: GPT-4o Search Preview ‚ö° ($0.0000025/1M)
openai/gpt-4o	GPT-4o ‚ö°	OpenAI	N	$0.0000025/1M	2.5e-06	OpenAI: GPT-4o ‚ö° ($0.0000025/1M)
openai/gpt-4o-mini-2024-07-18	GPT-4o-mini (2024-07-18) ‚ö°	OpenAI	N	$0.00000015/1M	1.5e-07	OpenAI: GPT-4o-mini (2024-07-18) ‚ö° ($0.00000015/1M)
openai/gpt-4o-mini-search-preview	GPT-4o-mini Search Preview ‚ö°	OpenAI	N	$0.00000015/1M	1.5e-07	OpenAI: GPT-4o-mini Search Preview ‚ö° ($0.00000015/1M)
openai/gpt-4o-mini	GPT-4o-mini ‚ö°	OpenAI	N	$0.00000015/1M	1.5e-07	OpenAI: GPT-4o-mini ‚ö° ($0.00000015/1M)
openai/o1	o1 üß†	OpenAI	N	$0.000015/1M	1.5e-05	OpenAI: o1 üß† ($0.000015/1M)
openai/o1-mini-2024-09-12	o1-mini (2024-09-12) üß†	OpenAI	N	$0.0000011/1M	1.1e-06	OpenAI: o1-mini (2024-09-12) üß† ($0.0000011/1M)
openai/o1-mini	o1-mini üß†	OpenAI	N	$0.0000011/1M	1.1e-06	OpenAI: o1-mini üß† ($0.0000011/1M)
openai/o1-preview-2024-09-12	o1-preview (2024-09-12) üß†	OpenAI	N	$0.000015/1M	1.5e-05	OpenAI: o1-preview (2024-09-12) üß† ($0.000015/1M)
openai/o1-preview	o1-preview üß†	OpenAI	N	$0.000015/1M	1.5e-05	OpenAI: o1-preview üß† ($0.000015/1M)
openai/o1-pro	o1-pro üß†	OpenAI	N	$0.00015/1M	0.00015	OpenAI: o1-pro üß† ($0.00015/1M)
openai/o3	o3	OpenAI	N	$0.000002/1M	2e-06	OpenAI: o3 ($0.000002/1M)
openai/o3-mini	o3 Mini	OpenAI	N	$0.0000011/1M	1.1e-06	OpenAI: o3 Mini ($0.0000011/1M)
openai/o3-mini-high	o3 Mini High	OpenAI	N	$0.0000011/1M	1.1e-06	OpenAI: o3 Mini High ($0.0000011/1M)
openai/o3-pro	o3 Pro	OpenAI	N	$0.00002/1M	2e-05	OpenAI: o3 Pro ($0.00002/1M)
openai/o4-mini	o4 Mini	OpenAI	N	$0.0000011/1M	1.1e-06	OpenAI: o4 Mini ($0.0000011/1M)
openai/o4-mini-high	o4 Mini High	OpenAI	N	$0.0000011/1M	1.1e-06	OpenAI: o4 Mini High ($0.0000011/1M)
opengvlab/internvl3-14b	InternVL3 14B	OpenGVLab	N	$0.0000002/1M	2e-07	OpenGVLab: InternVL3 14B ($0.0000002/1M)
perplexity/r1-1776	R1 1776 üß†	Perplexity	N	$0.000002/1M	2e-06	Perplexity: R1 1776 üß† ($0.000002/1M)
perplexity/sonar	Sonar	Perplexity	N	$0.000001/1M	1e-06	Perplexity: Sonar ($0.000001/1M)
perplexity/sonar-deep-research	Sonar Deep Research	Perplexity	N	$0.000002/1M	2e-06	Perplexity: Sonar Deep Research ($0.000002/1M)
perplexity/sonar-pro	Sonar Pro	Perplexity	N	$0.000003/1M	3e-06	Perplexity: Sonar Pro ($0.000003/1M)
perplexity/sonar-reasoning	Sonar Reasoning	Perplexity	N	$0.000001/1M	1e-06	Perplexity: Sonar Reasoning ($0.000001/1M)
perplexity/sonar-reasoning-pro	Sonar Reasoning Pro	Perplexity	N	$0.000002/1M	2e-06	Perplexity: Sonar Reasoning Pro ($0.000002/1M)
pygmalionai/mythalion-13b	Mythalion 13B	Pygmalion	N	$0.0000008/1M	8e-07	Pygmalion: Mythalion 13B ($0.0000008/1M)
featherless/qwerky-72b:free	72B (free)	Qrwkv	Y	$0/1M	0.0	Qrwkv 72B (free) ($0/1M)
qwen/qwen-2-72b-instruct	2 72B Instruct	Qwen	N	$0.0000009/1M	9e-07	Qwen 2 72B Instruct ($0.0000009/1M)
qwen/qwen-2.5-72b-instruct	72B Instruct	Qwen2.5	N	$0.000000101/1M	1.01e-07	Qwen2.5 72B Instruct ($0.000000101/1M)
qwen/qwen-2.5-72b-instruct:free	72B Instruct (free)	Qwen2.5	Y	$0/1M	0.0	Qwen2.5 72B Instruct (free) ($0/1M)
qwen/qwen-2.5-7b-instruct	7B Instruct	Qwen2.5	N	$0.00000004/1M	4e-08	Qwen2.5 7B Instruct ($0.00000004/1M)
qwen/qwen-2.5-coder-32b-instruct	Coder 32B Instruct	Qwen2.5	N	$0.00000006/1M	6e-08	Qwen2.5 Coder 32B Instruct ($0.00000006/1M)
qwen/qwen-2.5-coder-32b-instruct:free	Coder 32B Instruct (free)	Qwen2.5	Y	$0/1M	0.0	Qwen2.5 Coder 32B Instruct (free) ($0/1M)
qwen/qwq-32b	QwQ 32B	Qwen	N	$0.000000075/1M	7.5e-08	Qwen: QwQ 32B ($0.000000075/1M)
qwen/qwq-32b:free	QwQ 32B (free)	Qwen	Y	$0/1M	0.0	Qwen: QwQ 32B (free) ($0/1M)
qwen/qwq-32b-preview	QwQ 32B Preview	Qwen	N	$0.0000002/1M	2e-07	Qwen: QwQ 32B Preview ($0.0000002/1M)
qwen/qwen-vl-max	Qwen VL Max	Qwen	N	$0.0000008/1M	8e-07	Qwen: Qwen VL Max ($0.0000008/1M)
qwen/qwen-vl-plus	Qwen VL Plus	Qwen	N	$0.00000021/1M	2.1e-07	Qwen: Qwen VL Plus ($0.00000021/1M)
qwen/qwen-max	Qwen-Max	Qwen	N	$0.0000016/1M	1.6e-06	Qwen: Qwen-Max  ($0.0000016/1M)
qwen/qwen-plus	Qwen-Plus	Qwen	N	$0.0000004/1M	4e-07	Qwen: Qwen-Plus ($0.0000004/1M)
qwen/qwen-turbo	Qwen-Turbo	Qwen	N	$0.00000005/1M	5e-08	Qwen: Qwen-Turbo ($0.00000005/1M)
qwen/qwen2.5-vl-32b-instruct	Qwen2.5 VL 32B Instruct	Qwen	N	$0.0000002/1M	2e-07	Qwen: Qwen2.5 VL 32B Instruct ($0.0000002/1M)
qwen/qwen2.5-vl-32b-instruct:free	Qwen2.5 VL 32B Instruct (free)	Qwen	Y	$0/1M	0.0	Qwen: Qwen2.5 VL 32B Instruct (free) ($0/1M)
qwen/qwen2.5-vl-72b-instruct	Qwen2.5 VL 72B Instruct	Qwen	N	$0.00000025/1M	2.5e-07	Qwen: Qwen2.5 VL 72B Instruct ($0.00000025/1M)
qwen/qwen2.5-vl-72b-instruct:free	Qwen2.5 VL 72B Instruct (free)	Qwen	Y	$0/1M	0.0	Qwen: Qwen2.5 VL 72B Instruct (free) ($0/1M)
qwen/qwen-2.5-vl-7b-instruct	Qwen2.5-VL 7B Instruct	Qwen	N	$0.0000002/1M	2e-07	Qwen: Qwen2.5-VL 7B Instruct ($0.0000002/1M)
qwen/qwen3-14b	Qwen3 14B	Qwen	N	$0.00000006/1M	6e-08	Qwen: Qwen3 14B ($0.00000006/1M)
qwen/qwen3-14b:free	Qwen3 14B (free)	Qwen	Y	$0/1M	0.0	Qwen: Qwen3 14B (free) ($0/1M)
qwen/qwen3-235b-a22b	Qwen3 235B A22B	Qwen	N	$0.00000013/1M	1.3e-07	Qwen: Qwen3 235B A22B ($0.00000013/1M)
qwen/qwen3-235b-a22b:free	Qwen3 235B A22B (free)	Qwen	Y	$0/1M	0.0	Qwen: Qwen3 235B A22B (free) ($0/1M)
qwen/qwen3-235b-a22b-2507	Qwen3 235B A22B Instruct 2507	Qwen	N	$0.00000012/1M	1.2e-07	Qwen: Qwen3 235B A22B Instruct 2507 ($0.00000012/1M)
qwen/qwen3-235b-a22b-2507:free	Qwen3 235B A22B Instruct 2507 (free)	Qwen	Y	$0/1M	0.0	Qwen: Qwen3 235B A22B Instruct 2507 (free) ($0/1M)
qwen/qwen3-235b-a22b-thinking-2507	Qwen3 235B A22B Thinking 2507	Qwen	N	$0.0000001179/1M	1.179e-07	Qwen: Qwen3 235B A22B Thinking 2507 ($0.0000001179/1M)
qwen/qwen3-30b-a3b	Qwen3 30B A3B	Qwen	N	$0.00000008/1M	8e-08	Qwen: Qwen3 30B A3B ($0.00000008/1M)
qwen/qwen3-30b-a3b:free	Qwen3 30B A3B (free)	Qwen	Y	$0/1M	0.0	Qwen: Qwen3 30B A3B (free) ($0/1M)
qwen/qwen3-32b	Qwen3 32B	Qwen	N	$0.000000027/1M	2.7e-08	Qwen: Qwen3 32B ($0.000000027/1M)
qwen/qwen3-4b:free	Qwen3 4B (free)	Qwen	Y	$0/1M	0.0	Qwen: Qwen3 4B (free) ($0/1M)
qwen/qwen3-8b	Qwen3 8B	Qwen	N	$0.000000035/1M	3.5e-08	Qwen: Qwen3 8B ($0.000000035/1M)
qwen/qwen3-8b:free	Qwen3 8B (free)	Qwen	Y	$0/1M	0.0	Qwen: Qwen3 8B (free) ($0/1M)
qwen/qwen3-coder	Qwen3 Coder	Qwen	N	$0.0000003/1M	3e-07	Qwen: Qwen3 Coder  ($0.0000003/1M)
qwen/qwen3-coder:free	Qwen3 Coder  (free)	Qwen	Y	$0/1M	0.0	Qwen: Qwen3 Coder  (free) ($0/1M)
undi95/remm-slerp-l2-13b	SLERP 13B	ReMM	N	$0.0000007/1M	7e-07	ReMM SLERP 13B ($0.0000007/1M)
rekaai/reka-flash-3	Flash 3	Reka	N	$0.000000013/1M	1.3e-08	Reka: Flash 3 ($0.000000013/1M)
rekaai/reka-flash-3:free	Flash 3 (free)	Reka	Y	$0/1M	0.0	Reka: Flash 3 (free) ($0/1M)
sao10k/l3-lunaris-8b	Llama 3 8B Lunaris üß†	Sao10K	N	$0.00000002/1M	2e-08	Sao10K: Llama 3 8B Lunaris üß† ($0.00000002/1M)
sao10k/l3.1-euryale-70b	Llama 3.1 Euryale 70B v2.2 üß†	Sao10K	N	$0.00000065/1M	6.5e-07	Sao10K: Llama 3.1 Euryale 70B v2.2 üß† ($0.00000065/1M)
sao10k/l3.3-euryale-70b	Llama 3.3 Euryale 70B üß†	Sao10K	N	$0.00000065/1M	6.5e-07	Sao10K: Llama 3.3 Euryale 70B üß† ($0.00000065/1M)
sao10k/l3-euryale-70b	Llama 3 Euryale 70B v2.1 üß†	Sao10k	N	$0.00000148/1M	1.48e-06	Sao10k: Llama 3 Euryale 70B v2.1 üß† ($0.00000148/1M)
sarvamai/sarvam-m	Sarvam-M	Sarvam AI	N	$0.000000022/1M	2.2e-08	Sarvam AI: Sarvam-M ($0.000000022/1M)
sarvamai/sarvam-m:free	Sarvam-M (free)	Sarvam AI	Y	$0/1M	0.0	Sarvam AI: Sarvam-M (free) ($0/1M)
shisa-ai/shisa-v2-llama3.3-70b	Shisa V2 Llama 3.3 70B	Shisa AI	N	$0.00000003/1M	3e-08	Shisa AI: Shisa V2 Llama 3.3 70B  ($0.00000003/1M)
shisa-ai/shisa-v2-llama3.3-70b:free	Shisa V2 Llama 3.3 70B  (free)	Shisa AI	Y	$0/1M	0.0	Shisa AI: Shisa V2 Llama 3.3 70B  (free) ($0/1M)
raifle/sorcererlm-8x22b	8x22B	SorcererLM	N	$0.0000045/1M	4.5e-06	SorcererLM 8x22B ($0.0000045/1M)
switchpoint/router	Router	Switchpoint	N	$0.00000085/1M	8.5e-07	Switchpoint Router ($0.00000085/1M)
thudm/glm-4-32b	GLM 4 32B	THUDM	N	$0.00000024/1M	2.4e-07	THUDM: GLM 4 32B ($0.00000024/1M)
thudm/glm-4-32b:free	GLM 4 32B (free)	THUDM	Y	$0/1M	0.0	THUDM: GLM 4 32B (free) ($0/1M)
thudm/glm-4.1v-9b-thinking	GLM 4.1V 9B Thinking	THUDM	N	$0.000000035/1M	3.5e-08	THUDM: GLM 4.1V 9B Thinking ($0.000000035/1M)
thudm/glm-z1-32b	GLM Z1 32B	THUDM	N	$0.00000003/1M	3e-08	THUDM: GLM Z1 32B ($0.00000003/1M)
thudm/glm-z1-32b:free	GLM Z1 32B (free)	THUDM	Y	$0/1M	0.0	THUDM: GLM Z1 32B (free) ($0/1M)
tngtech/deepseek-r1t-chimera:free	DeepSeek R1T Chimera (free) üß†	TNG	Y	$0/1M	0.0	TNG: DeepSeek R1T Chimera (free) üß† ($0/1M)
tngtech/deepseek-r1t2-chimera:free	DeepSeek R1T2 Chimera (free) üß†	TNG	Y	$0/1M	0.0	TNG: DeepSeek R1T2 Chimera (free) üß† ($0/1M)
tngtech/deepseek-r1t2-chimera	DeepSeek R1T2 Chimera üß†	TNG	N	$0.000000302/1M	3.02e-07	TNG: DeepSeek R1T2 Chimera üß† ($0.000000302/1M)
tencent/hunyuan-a13b-instruct	Hunyuan A13B Instruct	Tencent	N	$0.00000003/1M	3e-08	Tencent: Hunyuan A13B Instruct ($0.00000003/1M)
tencent/hunyuan-a13b-instruct:free	Hunyuan A13B Instruct (free)	Tencent	Y	$0/1M	0.0	Tencent: Hunyuan A13B Instruct (free) ($0/1M)
thedrummer/anubis-70b-v1.1	Anubis 70B V1.1	TheDrummer	N	$0.0000005/1M	5e-07	TheDrummer: Anubis 70B V1.1 ($0.0000005/1M)
thedrummer/anubis-pro-105b-v1	Anubis Pro 105B V1	TheDrummer	N	$0.0000005/1M	5e-07	TheDrummer: Anubis Pro 105B V1 ($0.0000005/1M)
thedrummer/rocinante-12b	Rocinante 12B	TheDrummer	N	$0.0000002/1M	2e-07	TheDrummer: Rocinante 12B ($0.0000002/1M)
thedrummer/skyfall-36b-v2	Skyfall 36B V2	TheDrummer	N	$0.00000001512/1M	1.512e-08	TheDrummer: Skyfall 36B V2 ($0.00000001512/1M)
thedrummer/unslopnemo-12b	UnslopNemo 12B	TheDrummer	N	$0.0000004/1M	4e-07	TheDrummer: UnslopNemo 12B ($0.0000004/1M)
thedrummer/valkyrie-49b-v1	Valkyrie 49B V1	TheDrummer	N	$0.00000065/1M	6.5e-07	TheDrummer: Valkyrie 49B V1 ($0.00000065/1M)
undi95/toppy-m-7b	M 7B	Toppy	N	$0.0000008/1M	8e-07	Toppy M 7B ($0.0000008/1M)
scb10x/llama3.1-typhoon2-70b-instruct	70B Instruct	Typhoon2	N	$0.00000088/1M	8.8e-07	Typhoon2 70B Instruct ($0.00000088/1M)
cognitivecomputations/dolphin-mistral-24b-venice-edition:free	Uncensored (free)	Venice	Y	$0/1M	0.0	Venice: Uncensored (free) ($0/1M)
microsoft/wizardlm-2-8x22b	8x22B	WizardLM-2	N	$0.00000048/1M	4.8e-07	WizardLM-2 8x22B ($0.00000048/1M)
z-ai/glm-4-32b	GLM 4 32B	Z.AI	N	$0.0000001/1M	1e-07	Z.AI: GLM 4 32B  ($0.0000001/1M)
x-ai/grok-2-1212	Grok 2 1212	xAI	N	$0.000002/1M	2e-06	xAI: Grok 2 1212 ($0.000002/1M)
x-ai/grok-2-vision-1212	Grok 2 Vision 1212	xAI	N	$0.000002/1M	2e-06	xAI: Grok 2 Vision 1212 ($0.000002/1M)
x-ai/grok-3	Grok 3	xAI	N	$0.000003/1M	3e-06	xAI: Grok 3 ($0.000003/1M)
x-ai/grok-3-beta	Grok 3 Beta	xAI	N	$0.000003/1M	3e-06	xAI: Grok 3 Beta ($0.000003/1M)
x-ai/grok-3-mini	Grok 3 Mini	xAI	N	$0.0000003/1M	3e-07	xAI: Grok 3 Mini ($0.0000003/1M)
x-ai/grok-3-mini-beta	Grok 3 Mini Beta	xAI	N	$0.0000003/1M	3e-07	xAI: Grok 3 Mini Beta ($0.0000003/1M)
x-ai/grok-4	Grok 4	xAI	N	$0.000003/1M	3e-06	xAI: Grok 4 ($0.000003/1M)
x-ai/grok-vision-beta	Grok Vision Beta	xAI	N	$0.000005/1M	5e-06	xAI: Grok Vision Beta ($0.000005/1M)
